s_State,s_Volume,s_state_id,s_lat,s_lon,e_locality,e_locality_id,e_lat,e_lon,e_Volume
Khartoum,40610,SD01,15.851318,32.843002,Abu Jabrah,SD05140,10.9356,26.79963,43400
TORKHAM,1000,SD121,33.568460,65.608225,Iran,SD666,36.781014,70.336281,500
TORKHAM,2000,SD121,33.568460,65.608225,Iran,SD667,37.051893,68.775039,2000
TORKHAM,2000,SD121,33.568460,65.608225,Iran,SD668,31.214380,64.281868,3000
TORKHAM,4000,SD121,33.568460,65.608225,Iran,SD6661,35.984063,65.313850,10000
TORKHAM,5000,SD121,33.568460,65.608225,Iran,SD6671,35.269347,63.898000,2000
TORKHAM,6000,SD121,33.568460,65.608225,Iran,SD6681,33.669672,62.813494,30000
